EMP_OLD,FINCA_OLD,SECTOR_OLD,LOTE_OLD,EMP_NEW,FINCA_NEW,SECTOR_NEW,LOTE_NEW,DESC_CECO
41,408,0,0,86.0,5001.0,0.0,0.0,Finca Sanjon Xoluta
41,408,1,1,86.0,5001.0,1.0,1.0,Sector 1 - Lote 1
41,408,1,2,86.0,5001.0,1.0,2.0,Sector 1 - Lote 2
41,408,1,3,86.0,5001.0,1.0,3.0,Sector 1 - Lote 3
41,408,1,4,86.0,5001.0,1.0,4.0,Sector 1 - Lote 4
41,408,1,5,86.0,5001.0,1.0,5.0,Sector 1 - Lote 5
41,408,1,6,86.0,5001.0,1.0,6.0,Sector 1 - Lote 6
41,408,1,7,86.0,5001.0,1.0,7.0,Sector 1 - Lote 7
41,408,1,8,86.0,5001.0,1.0,8.0,Sector 1 - Lote 8
41,408,1,9,86.0,5001.0,1.0,9.0,Sector 1 - Lote 9
41,408,2,1,86.0,5001.0,2.0,1.0,Sector 2 - Lote 1
41,408,2,2,86.0,5001.0,2.0,2.0,Sector 2 - Lote 2
41,408,2,3,86.0,5001.0,2.0,3.0,Sector 2 - Lote 3
41,408,2,4,86.0,5001.0,2.0,4.0,Sector 2 - Lote 4
41,408,2,5,86.0,5001.0,2.0,5.0,Sector 2 - Lote 5
41,408,2,6,86.0,5001.0,2.0,6.0,Sector 2 - Lote 6
41,408,3,1,86.0,5001.0,3.0,1.0,Sector 3 - Lote 1
41,408,3,2,86.0,5001.0,3.0,2.0,Sector 3 - Lote 2
41,408,3,3,86.0,5001.0,3.0,3.0,Sector 3 - Lote 3
41,408,3,4,86.0,5001.0,3.0,4.0,Sector 3 - Lote 4
41,408,3,5,86.0,5001.0,3.0,5.0,Sector 3 - Lote 5
41,408,3,6,86.0,5001.0,3.0,6.0,Sector 3 - Lote 6
41,408,3,7,86.0,5001.0,3.0,7.0,Sector 3 - Lote 6
41,408,4,1,86.0,5001.0,4.0,1.0,Sector 4 - Lote 1
41,408,4,2,86.0,5001.0,4.0,2.0,Sector 4 - Lote 2
41,408,4,3,,,,,Desactivado
41,408,4,4,,,,,Desactivado
41,408,61,0,86.0,5001.0,61.0,0.0,Quineles
41,408,62,0,86.0,5001.0,62.0,0.0,Rondas
41,408,63,0,86.0,5001.0,63.0,0.0,Areas Improductivas
41,408,64,0,86.0,5001.0,64.0,0.0,Caminos
41,408,67,1,86.0,5001.0,67.0,1.0,Pozo 1 - Modulo 1 - Finca Sanjon Xoluta
41,408,67,2,86.0,5001.0,67.0,2.0,Pozo 2 - Modulo 2 - Finca Sanjon Xoluta
41,408,67,3,86.0,5001.0,67.0,3.0,Pozo 3 - Modulo 3 - Finca Sanjon Xoluta
41,408,67,4,86.0,5001.0,67.0,4.0,Pozo 4 - Modulo 4 - Finca Sanjon Xoluta
41,408,67,5,86.0,5001.0,67.0,5.0,Pozo 5 - Modulo 5 - Finca Sanjon Xoluta
41,408,67,6,86.0,5001.0,67.0,6.0,Pozo 6 - Modulo 7 - Finca Sanjon Xoluta
41,408,67,7,86.0,5001.0,67.0,7.0,Pozo 7 - Modulo 8 - Finca Sanjon Xoluta
41,408,67,8,86.0,5001.0,67.0,8.0,Pozo 8 - Modulo 9 - Finca Sanjon Xoluta
96,512,0,0,86.0,5002.0,0.0,0.0,Finca Mangrullo
96,512,1,1,86.0,5002.0,1.0,1.0,Sector 1 - Lote 1
96,512,1,2,86.0,5002.0,1.0,2.0,Sector 1 - Lote 2
96,512,1,3,86.0,5002.0,1.0,3.0,Sector 1 - Lote 3
96,512,1,4,86.0,5002.0,1.0,4.0,Sector 1 - Lote 4
96,512,1,5,86.0,5002.0,1.0,5.0,Sector 1 - Lote 5
96,512,1,6,86.0,5002.0,1.0,6.0,Sector 1 - Lote 6
96,512,61,0,86.0,5002.0,61.0,0.0,Quineles
96,512,62,0,86.0,5002.0,62.0,0.0,Rondas
96,512,63,0,86.0,5002.0,63.0,0.0,Areas Improductivas
96,512,64,0,86.0,5002.0,64.0,0.0,Caminos
96,512,67,1,86.0,5002.0,67.0,1.0,Pozo 1 - Modulo 1 - Finca Mangrullo
54,576,0,0,86.0,5030.0,0.0,0.0,Finca Las Lagunas I I
54,576,1,1,86.0,5030.0,1.0,1.0,Sector 1 - Lote 1
54,576,1,2,86.0,5030.0,1.0,2.0,Sector 1 - Lote 2
54,576,1,3,86.0,5030.0,1.0,3.0,Sector 1 - Lote 3
54,576,1,4,86.0,5030.0,1.0,4.0,Sector 1 - Lote 4
54,576,1,5,86.0,5030.0,1.0,5.0,Sector 1 - Lote 5
54,576,2,1,86.0,5030.0,2.0,1.0,Sector 2 - Lote 1
54,576,2,2,86.0,5030.0,2.0,2.0,Sector 2 - Lote 2
54,576,2,3,86.0,5030.0,2.0,3.0,Sector 2 - Lote 3
54,576,2,4,86.0,5030.0,2.0,4.0,Sector 2 - Lote 4
54,576,2,5,86.0,5030.0,2.0,5.0,Sector 2 - Lote 5
54,576,2,6,86.0,5030.0,2.0,6.0,Sector 2 - Lote 6
54,576,2,7,86.0,5030.0,2.0,7.0,Sector 2 - Lote 7
54,576,2,8,86.0,5030.0,2.0,8.0,Sector 2 - Lote 8
54,576,2,9,86.0,5030.0,2.0,9.0,Sector 2 - Lote 9
54,576,3,1,86.0,5030.0,3.0,1.0,Sector 3 - Lote 1
54,576,3,2,86.0,5030.0,3.0,2.0,Sector 3 - Lote 2
54,576,3,3,86.0,5030.0,3.0,3.0,Sector 3 - Lote 3
54,576,3,4,86.0,5030.0,3.0,4.0,Sector 3 - Lote 4
54,576,3,5,86.0,5030.0,3.0,5.0,Sector 3 - Lote 5
54,576,3,6,86.0,5030.0,3.0,6.0,Sector 3 - Lote 6
54,576,3,7,86.0,5030.0,3.0,7.0,Sector 3 - Lote 6
54,576,3,8,86.0,5030.0,3.0,8.0,Sector 3 - Lote 8
54,576,3,9,86.0,5030.0,3.0,9.0,Sector 3 - Lote 9
54,576,3,10,86.0,5030.0,3.0,10.0,Sector 3 - Lote 10
54,576,3,11,86.0,5030.0,3.0,11.0,Sector 3 - Lote 11
54,576,3,12,86.0,5030.0,3.0,12.0,Sector 3 - Lote 12
54,576,61,0,86.0,5030.0,61.0,0.0,Quineles
54,576,62,0,86.0,5030.0,62.0,0.0,Rondas
54,576,63,0,86.0,5030.0,63.0,0.0,Areas Improductivas
54,576,64,0,86.0,5030.0,64.0,0.0,Caminos
54,576,65,0,86.0,5030.0,65.0,0.0,Bordas Finca Las Lagunas I I
96,577,0,0,86.0,5003.0,0.0,0.0,Finca La Cebera
96,577,1,1,86.0,5003.0,1.0,1.0,Sector 1 - Lote 1
96,577,1,2,86.0,5003.0,1.0,2.0,Sector 1 - Lote 2
96,577,1,3,86.0,5003.0,1.0,3.0,Sector 1 - Lote 3
96,577,1,4,86.0,5003.0,1.0,4.0,Sector 1 - Lote 4
96,577,1,5,86.0,5003.0,1.0,5.0,Sector 1 - Lote 5
96,577,1,6,86.0,5003.0,1.0,6.0,Sector 1 - Lote 6
96,577,1,7,86.0,5003.0,1.0,7.0,Sector 1 - Lote 7
96,577,1,8,86.0,5003.0,1.0,8.0,Sector 1 - Lote 8
96,577,2,1,86.0,5003.0,2.0,1.0,Sector 2 - Lote 1
96,577,2,2,86.0,5003.0,2.0,2.0,Sector 2 - Lote 2
96,577,2,3,86.0,5003.0,2.0,3.0,Sector 2 - Lote 3
96,577,2,4,86.0,5003.0,2.0,4.0,Sector 2 - Lote 4
96,577,2,5,86.0,5003.0,2.0,5.0,Sector 2 - Lote 5
96,577,2,6,86.0,5003.0,2.0,6.0,Sector 2 - Lote 6
96,577,3,1,86.0,5003.0,3.0,1.0,Sector 3 - Lote 1
96,577,3,2,86.0,5003.0,3.0,2.0,Sector 3 - Lote 2
96,577,3,3,86.0,5003.0,3.0,3.0,Sector 3 - Lote 3
96,577,3,4,86.0,5003.0,3.0,4.0,Sector 3 - Lote 4
96,577,3,5,86.0,5003.0,3.0,5.0,Sector 3 - Lote 5
96,577,3,6,86.0,5003.0,3.0,6.0,Sector 3 - Lote 6
96,577,61,0,86.0,5003.0,61.0,0.0,Quineles
96,577,62,0,86.0,5003.0,62.0,0.0,Rondas
96,577,63,0,86.0,5003.0,63.0,0.0,Areas Improductivas
96,577,64,0,86.0,5003.0,64.0,0.0,Caminos
41,577,64,0,86.0,5003.0,64.0,0.0,Caminos
96,577,67,1,86.0,5003.0,67.0,1.0,Pozo 1 - Modulo 1 - Finca La Cebera
96,577,67,2,86.0,5003.0,67.0,2.0,Pozo 2 - Modulo 2 - Finca La Cebera
96,577,67,3,86.0,5003.0,67.0,3.0,Pozo 3 - Modulo 3 - Finca La Cebera
96,577,67,4,86.0,5003.0,67.0,4.0,Pozo 4 - Modulo 4 - Finca La Cebera
96,578,0,0,86.0,5004.0,0.0,0.0,Finca La Loma
96,578,1,1,86.0,5004.0,1.0,1.0,Sector 1 - Lote 1
96,578,1,2,86.0,5004.0,1.0,2.0,Sector 1 - Lote 2
96,578,1,3,86.0,5004.0,1.0,3.0,Sector 1 - Lote 3
96,578,1,4,86.0,5004.0,1.0,4.0,Sector 1 - Lote 4
96,578,1,5,86.0,5004.0,1.0,5.0,Sector 1 - Lote 5
96,578,1,6,,,,,Desactivado
96,578,1,7,,,,,Desactivado
96,578,61,0,86.0,5004.0,61.0,0.0,Quineles
96,578,62,0,86.0,5004.0,62.0,0.0,Rondas
96,578,63,0,86.0,5004.0,63.0,0.0,Areas Improductivas
96,578,64,0,86.0,5004.0,64.0,0.0,Caminos
96,578,67,1,86.0,5004.0,67.0,1.0,Pozo 1 - Modulo 1 - Finca La Loma
41,599,0,0,86.0,5005.0,0.0,0.0,Finca San Mauricio
41,599,1,1,86.0,5005.0,1.0,1.0,Sector 1 - Lote 1
41,599,1,2,86.0,5005.0,1.0,2.0,Sector 1 - Lote 2
41,599,1,3,86.0,5005.0,1.0,3.0,Sector 1 - Lote 3
41,599,1,4,86.0,5005.0,1.0,4.0,Sector 1 - Lote 4
41,599,1,5,86.0,5005.0,1.0,5.0,Sector 1 - Lote 5
41,599,1,6,86.0,5005.0,1.0,6.0,Sector 1 - Lote 6
41,599,1,7,86.0,5005.0,1.0,7.0,Sector 1 - Lote 7
41,599,1,8,86.0,5005.0,1.0,8.0,Sector 1 - Lote 8
41,599,1,9,86.0,5005.0,1.0,9.0,Sector 1 - Lote 9
41,599,2,1,86.0,5005.0,2.0,1.0,Sector 2 - Lote 1
41,599,2,2,86.0,5005.0,2.0,2.0,Sector 2 - Lote 2
41,599,2,3,86.0,5005.0,2.0,3.0,Sector 2 - Lote 3
41,599,2,4,86.0,5005.0,2.0,4.0,Sector 2 - Lote 4
41,599,2,5,86.0,5005.0,2.0,5.0,Sector 2 - Lote 5
41,599,2,6,86.0,5005.0,2.0,6.0,Sector 2 - Lote 6
41,599,2,7,86.0,5005.0,2.0,7.0,Sector 2 - Lote 7
41,599,2,8,86.0,5005.0,2.0,8.0,Sector 2 - Lote 8
41,599,2,9,,,,,Desactivado
41,599,2,10,,,,,Desactivado
41,599,2,11,,,,,Desactivado
41,599,2,12,,,,,Desactivado
41,599,61,0,86.0,5005.0,61.0,0.0,Quineles
41,599,62,0,86.0,5005.0,62.0,0.0,Rondas
41,599,63,0,86.0,5005.0,63.0,0.0,Areas Improductivas
41,599,64,0,86.0,5005.0,64.0,0.0,Caminos
41,599,67,1,86.0,5005.0,67.0,1.0,Pozo 1 - Modulo 1 - Finca San Mauricio
41,599,67,2,86.0,5005.0,67.0,2.0,Pozo 2 - Modulo 4 - Finca San Mauricio
41,599,67,3,86.0,5005.0,67.0,3.0,Pozo 3 - Modulo 6 - Finca San Mauricio
41,599,67,4,86.0,5005.0,67.0,4.0,Pozo 4 Finca San Mauricio
96,600,0,0,86.0,5006.0,0.0,0.0,Finca Colombita
96,600,1,1,86.0,5006.0,1.0,1.0,Sector 1 - Lote 1
96,600,1,2,86.0,5006.0,1.0,2.0,Sector 1 - Lote 2
96,600,1,3,86.0,5006.0,1.0,3.0,Sector 1 - Lote 3
96,600,1,4,86.0,5006.0,1.0,4.0,Sector 1 - Lote 4
96,600,1,5,86.0,5006.0,1.0,5.0,Sector 1 - Lote 5
96,600,1,6,86.0,5006.0,1.0,6.0,Sector 1 - Lote 6
96,600,1,7,86.0,5006.0,1.0,7.0,Sector 1 - Lote 7
96,600,1,8,86.0,5006.0,1.0,8.0,Sector 1 - Lote 8
96,600,1,9,86.0,5006.0,1.0,9.0,Sector 1 - Lote 9
96,600,1,10,86.0,5006.0,1.0,10.0,Sector 1 - Lote 10
96,600,1,11,86.0,5006.0,1.0,11.0,Sector 1 - Lote 11
96,600,1,12,86.0,5006.0,1.0,12.0,Sector 1 - Lote 12
96,600,1,13,86.0,5006.0,1.0,13.0,Sector 1 - Lote 13
96,600,1,15,86.0,5006.0,1.0,15.0,Sector 1 - Lote 15
96,600,1,16,86.0,5006.0,1.0,16.0,Sector 1 - Lote 16
96,600,1,17,86.0,5006.0,1.0,17.0,Sector 1 - Lote 17
96,600,1,18,86.0,5006.0,1.0,18.0,Sector 1 - Lote 18
96,600,2,1,86.0,5006.0,2.0,1.0,Sector 2 - Lote 1
96,600,2,2,86.0,5006.0,2.0,2.0,Sector 2 - Lote 2
96,600,2,3,86.0,5006.0,2.0,3.0,Sector 2 - Lote 3
96,600,2,4,86.0,5006.0,2.0,4.0,Sector 2 - Lote 4
96,600,2,5,86.0,5006.0,2.0,5.0,Sector 2 - Lote 5
96,600,2,6,86.0,5006.0,2.0,6.0,Sector 2 - Lote 6
96,600,2,7,86.0,5006.0,2.0,7.0,Sector 2 - Lote 7
96,600,2,8,86.0,5006.0,2.0,8.0,Sector 2 - Lote 8
96,600,2,9,86.0,5006.0,2.0,9.0,Sector 2 - Lote 9
96,600,50,1,86.0,5006.0,50.0,1.0,Oficina Finca
96,600,50,8,86.0,5006.0,50.0,8.0,Casa Administrador
96,600,50,9,86.0,5006.0,50.0,9.0,Casco Finca
96,600,50,10,86.0,5006.0,50.0,10.0,Vivienda De Trabajadores
96,600,50,13,86.0,5006.0,50.0,13.0,Departamento Mayordomia
96,600,50,16,86.0,5006.0,50.0,16.0,Superintendencia De Campo
96,600,50,17,86.0,5006.0,50.0,17.0,Departamento Agronomia
96,600,50,19,86.0,5006.0,50.0,19.0,Sistema De Riego
96,600,50,21,86.0,5006.0,50.0,21.0,Departamento Riegos Y Drenajes
96,600,50,34,86.0,5006.0,50.0,34.0,Transferncias Y No Afectos
96,600,50,37,86.0,5006.0,50.0,37.0,Pista De Aterrizaje
96,600,50,42,86.0,5006.0,50.0,42.0,Departamento De Produccion Agricola Occidental
96,600,50,50,86.0,5006.0,50.0,50.0,General Administracion Colombita
96,600,50,52,86.0,5006.0,50.0,52.0,Departamento De Plagas
96,600,50,55,86.0,5006.0,50.0,55.0,Departamento Administradores
96,600,50,56,86.0,5006.0,50.0,56.0,Supervision Campo
96,600,61,0,86.0,5006.0,61.0,0.0,Quineles
96,600,62,0,86.0,5006.0,62.0,0.0,Rondas
96,600,63,0,86.0,5006.0,63.0,0.0,Areas Improductivas
96,600,64,0,86.0,5006.0,64.0,0.0,Caminos
96,600,67,1,86.0,5006.0,67.0,1.0,Pozo 1 - Modulo 2 - Finca Colombita
96,600,67,2,86.0,5006.0,67.0,2.0,Pozo 2 - Modulo 3 - Finca Colombita
96,600,67,3,86.0,5006.0,67.0,3.0,Pozo 3 - Modulo 4 - Finca Colombita
96,600,67,4,86.0,5006.0,67.0,4.0,Pozo 4 - Modulo 5 - Finca Colombita
96,600,67,5,86.0,5006.0,67.0,5.0,Pozo 5 Finca Colombita
41,619,0,0,86.0,5008.0,0.0,0.0,Finca Maria Del Carmen I I
41,619,1,1,86.0,5008.0,1.0,1.0,Sector 1 - Lote 1
41,619,1,2,86.0,5008.0,1.0,2.0,Sector 1 - Lote 2
41,619,1,3,86.0,5008.0,1.0,3.0,Sector 1 - Lote 3
41,619,1,4,86.0,5008.0,1.0,4.0,Sector 1 - Lote 4
41,619,1,5,86.0,5008.0,1.0,5.0,Sector 1 - Lote 5
41,619,1,6,86.0,5008.0,1.0,6.0,Sector 1 - Lote 6
41,619,1,7,86.0,5008.0,1.0,7.0,Sector 1 - Lote 7
41,619,1,8,86.0,5008.0,1.0,8.0,Sector 1 - Lote 8
41,619,1,9,86.0,5008.0,1.0,9.0,Sector 1 - Lote 9
41,619,61,0,86.0,5008.0,61.0,0.0,Quineles
41,619,62,0,86.0,5008.0,62.0,0.0,Rondas
41,619,63,0,86.0,5008.0,63.0,0.0,Areas Improductivas
41,619,64,0,86.0,5008.0,64.0,0.0,Caminos
41,619,67,1,86.0,5008.0,67.0,1.0,Pozo 1 - Modulo 1 - Finca Maria Del Carmen I I
41,619,67,2,86.0,5008.0,67.0,2.0,Pozo 2 - Modulo 2 - Finca Maria Del Carmen I I
41,619,67,4,86.0,5008.0,67.0,4.0,Pozo 4 - Modulo 3 - Finca Maria Del Carmen I I
96,664,0,0,86.0,5010.0,0.0,0.0,Finca La Cuchilla I I
96,664,1,1,86.0,5010.0,1.0,1.0,Sector 1 - Lote 1
96,664,1,2,86.0,5010.0,1.0,2.0,Sector 1 - Lote 2
96,664,1,3,86.0,5010.0,1.0,3.0,Sector 1 - Lote 3
96,664,1,4,86.0,5010.0,1.0,4.0,Sector 1 - Lote 4
96,664,1,5,86.0,5010.0,1.0,5.0,Sector 1 - Lote 5
96,664,1,6,86.0,5010.0,1.0,6.0,Sector 1 - Lote 6
96,664,1,7,86.0,5010.0,1.0,7.0,Sector 1 - Lote 7
96,664,1,8,86.0,5010.0,1.0,8.0,Sector 1 - Lote 8
96,664,1,9,86.0,5010.0,1.0,9.0,Sector 1 - Lote 9
96,664,1,10,86.0,5010.0,1.0,10.0,Sector 1 - Lote 10
96,664,1,11,86.0,5010.0,1.0,11.0,Sector 1 - Lote 11
96,664,1,12,86.0,5010.0,1.0,12.0,Sector 1 - Lote 12
96,664,1,13,86.0,5010.0,1.0,13.0,Sector 1 - Lote 13
96,664,61,0,86.0,5010.0,61.0,0.0,Quineles
96,664,62,0,86.0,5010.0,62.0,0.0,Rondas
96,664,63,0,86.0,5010.0,63.0,0.0,Areas Improductivas
96,664,64,0,86.0,5010.0,64.0,0.0,Caminos
96,664,67,1,86.0,5010.0,67.0,1.0,Pozo 1 - Modulo 1 - Finca La Cuchilla I I
96,664,67,2,86.0,5010.0,67.0,2.0,Pozo 2 - Modulo 2 - Finca La Cuchilla I I
96,664,67,3,86.0,5010.0,67.0,3.0,Pozo 3 - Modulo 3 - Finca La Cuchilla I I
96,678,0,0,86.0,5011.0,0.0,0.0,Finca San Eduardo
96,678,1,1,86.0,5011.0,1.0,1.0,Sector 1 - Lote 1
96,678,1,2,86.0,5011.0,1.0,2.0,Sector 1 - Lote 2
96,678,1,3,86.0,5011.0,1.0,3.0,Sector 1 - Lote 3
96,678,1,4,86.0,5011.0,1.0,4.0,Sector 1 - Lote 4
96,678,1,5,86.0,5011.0,1.0,5.0,Sector 1 - Lote 5
96,678,1,6,,,,,Desactivado
96,678,1,7,,,,,Desactivado
96,678,2,1,86.0,5011.0,2.0,1.0,Sector 2 - Lote 1
96,678,2,2,86.0,5011.0,2.0,2.0,Sector 2 - Lote 2
96,678,2,3,86.0,5011.0,2.0,3.0,Sector 2 - Lote 3
96,678,2,4,86.0,5011.0,2.0,4.0,Sector 2 - Lote 4
96,678,2,5,86.0,5011.0,2.0,5.0,Sector 2 - Lote 5
96,678,3,1,86.0,5011.0,3.0,1.0,Sector 3 - Lote 1
96,678,3,2,86.0,5011.0,3.0,2.0,Sector 3 - Lote 2
96,678,3,3,86.0,5011.0,3.0,3.0,Sector 3 - Lote 3
96,678,3,4,86.0,5011.0,3.0,4.0,Sector 3 - Lote 4
96,678,3,5,86.0,5011.0,3.0,5.0,Sector 3 - Lote 5
96,678,61,0,86.0,5011.0,61.0,0.0,Quineles
96,678,62,0,86.0,5011.0,62.0,0.0,Rondas
96,678,63,0,86.0,5011.0,63.0,0.0,Areas Improductivas
96,678,64,0,86.0,5011.0,64.0,0.0,Caminos
96,678,67,1,86.0,5011.0,67.0,1.0,Pozo 1 - Modulo 1 - Finca San Eduardo
96,678,67,2,86.0,5011.0,67.0,2.0,Pozo 2 - Modulo 2 - Finca San Eduardo
96,678,67,3,86.0,5011.0,67.0,3.0,Pozo 3 - Modulo 3 - Finca San Eduardo
96,678,67,4,86.0,5011.0,67.0,4.0,Pozo 4 - Modulo 4 - Finca San Eduardo
96,888,0,0,86.0,5012.0,0.0,0.0,Finca Rastunya I I
96,888,1,1,86.0,5012.0,1.0,1.0,Sector 1 - Lote 1
96,888,1,2,86.0,5012.0,1.0,2.0,Sector 1 - Lote 2
96,888,1,3,86.0,5012.0,1.0,3.0,Sector 1 - Lote 3
96,888,1,4,86.0,5012.0,1.0,4.0,Sector 1 - Lote 4
96,888,1,5,86.0,5012.0,1.0,5.0,Sector 1 - Lote 5
96,888,1,6,86.0,5012.0,1.0,6.0,Sector 1 - Lote 6
96,888,1,7,86.0,5012.0,1.0,7.0,Sector 1 - Lote 7
96,888,1,8,,,,,Desactivado
96,888,61,0,86.0,5012.0,61.0,0.0,Quineles
96,888,62,0,86.0,5012.0,62.0,0.0,Rondas
96,888,63,0,86.0,5012.0,63.0,0.0,Areas Improductivas
96,888,64,0,86.0,5012.0,64.0,0.0,Caminos
96,968,0,0,86.0,5031.0,0.0,0.0,Finca El Tigre
96,968,1,1,86.0,5031.0,1.0,1.0,Sector 1 - Lote 1
96,968,1,2,86.0,5031.0,1.0,2.0,Sector 1 - Lote 2
96,968,1,3,86.0,5031.0,1.0,3.0,Sector 1 - Lote 3
96,968,1,4,86.0,5031.0,1.0,4.0,Sector 1 - Lote 4
96,968,1,5,86.0,5031.0,1.0,5.0,Sector 1 - Lote 5
96,968,2,1,86.0,5031.0,2.0,1.0,Sector 2 - Lote 1
96,968,2,2,86.0,5031.0,2.0,2.0,Sector 2 - Lote 2
96,968,2,3,86.0,5031.0,2.0,3.0,Sector 2 - Lote 3
96,968,2,4,86.0,5031.0,2.0,4.0,Sector 2 - Lote 4
96,968,2,5,86.0,5031.0,2.0,5.0,Sector 2 - Lote 5
96,968,2,6,86.0,5031.0,2.0,6.0,Sector 2 - Lote 6
96,968,61,0,86.0,5031.0,61.0,0.0,Quineles
96,968,62,0,86.0,5031.0,62.0,0.0,Rondas
96,968,63,0,86.0,5031.0,63.0,0.0,Areas Improductivas
96,968,64,0,86.0,5031.0,64.0,0.0,Caminos
96,989,0,0,86.0,5013.0,0.0,0.0,Finca Santa Sofia Rodas
96,989,1,1,86.0,5013.0,1.0,1.0,Sector 1 - Lote 1
96,989,1,2,86.0,5013.0,1.0,2.0,Sector 1 - Lote 2
96,989,61,0,86.0,5013.0,61.0,0.0,Quineles
96,989,62,0,86.0,5013.0,62.0,0.0,Rondas
96,989,63,0,86.0,5013.0,63.0,0.0,Areas Improductivas
96,989,64,0,86.0,5013.0,64.0,0.0,Caminos
41,999,0,0,86.0,5014.0,0.0,0.0,Finca Nueva Colombita
41,999,1,1,86.0,5014.0,1.0,1.0,Sector 1 - Lote 1
41,999,1,2,86.0,5014.0,1.0,2.0,Sector 1 - Lote 2
41,999,1,3,86.0,5014.0,1.0,3.0,Sector 1 - Lote 3
41,999,1,4,86.0,5014.0,1.0,4.0,Sector 1 - Lote 4
41,999,1,5,86.0,5014.0,1.0,5.0,Sector 1 - Lote 5
41,999,1,6,86.0,5014.0,1.0,6.0,Sector 1 - Lote 6
41,999,1,7,86.0,5014.0,1.0,7.0,Sector 1 - Lote 7
41,999,1,8,86.0,5014.0,1.0,8.0,Sector 1 - Lote 8
41,999,61,0,86.0,5014.0,61.0,0.0,Quineles
41,999,62,0,86.0,5014.0,62.0,0.0,Rondas
41,999,64,0,86.0,5014.0,64.0,0.0,Caminos
41,1000,0,0,86.0,5015.0,0.0,0.0,Finca Rosario Fernandez
41,1000,1,1,86.0,5015.0,1.0,1.0,Sector 1 - Lote 1
41,1000,1,2,86.0,5015.0,1.0,2.0,Sector 1 - Lote 2
41,1000,1,3,86.0,5015.0,1.0,3.0,Sector 1 - Lote 3
41,1000,1,4,86.0,5015.0,1.0,4.0,Sector 1 - Lote 4
41,1000,1,5,86.0,5015.0,1.0,5.0,Sector 1 - Lote 5
41,1000,1,6,86.0,5015.0,1.0,6.0,Sector 1 - Lote 6
41,1000,1,7,86.0,5015.0,1.0,7.0,Sector 1 - Lote 7
41,1000,1,8,86.0,5015.0,1.0,8.0,Sector 1 - Lote 8
41,1000,1,9,86.0,5015.0,1.0,9.0,Sector 1 - Lote 9
41,1000,1,10,,,,,Desactivado
41,1000,1,11,,,,,Desactivado
41,1000,1,12,,,,,Desactivado
41,1000,1,13,,,,,Desactivado
41,1000,1,14,,,,,Desactivado
41,1000,1,15,,,,,Desactivado
41,1000,1,16,,,,,Desactivado
41,1000,61,0,86.0,5015.0,61.0,0.0,Quineles
41,1000,62,0,86.0,5015.0,62.0,0.0,Rondas
41,1000,63,0,86.0,5015.0,63.0,0.0,Areas Improductivas
41,1000,64,0,86.0,5015.0,64.0,0.0,Caminos
96,1001,0,0,86.0,5016.0,0.0,0.0,Finca Carmen Alejos
96,1001,1,1,86.0,5016.0,1.0,1.0,Sector 1 - Lote 1
96,1001,1,2,86.0,5016.0,1.0,2.0,Sector 1 - Lote 2
96,1001,1,3,86.0,5016.0,1.0,3.0,Sector 1 - Lote 3
96,1001,1,4,86.0,5016.0,1.0,4.0,Sector 1 - Lote 4
96,1001,1,5,86.0,5016.0,1.0,5.0,Sector 1 - Lote 5
96,1001,1,6,86.0,5016.0,1.0,6.0,Sector 1 - Lote 6
96,1001,1,7,86.0,5016.0,1.0,7.0,Sector 1 - Lote 7
96,1001,1,8,86.0,5016.0,1.0,8.0,Sector 1 - Lote 8
96,1001,2,1,86.0,5016.0,2.0,1.0,Sector 2 - Lote 1
96,1001,2,2,86.0,5016.0,2.0,2.0,Sector 2 - Lote 2
96,1001,2,3,86.0,5016.0,2.0,3.0,Sector 2 - Lote 3
96,1001,2,4,86.0,5016.0,2.0,4.0,Sector 2 - Lote 4
96,1001,2,5,86.0,5016.0,2.0,5.0,Sector 2 - Lote 5
96,1001,61,0,86.0,5016.0,61.0,0.0,Quineles
96,1001,62,0,86.0,5016.0,62.0,0.0,Rondas
96,1001,63,0,86.0,5016.0,63.0,0.0,Areas Improductivas
96,1002,0,0,86.0,5017.0,0.0,0.0,Finca La Cuchilla B
96,1002,1,1,86.0,5017.0,1.0,1.0,Sector 1 - Lote 1
96,1002,1,2,86.0,5017.0,1.0,2.0,Sector 1 - Lote 2
96,1002,1,3,86.0,5017.0,1.0,3.0,Sector 1 - Lote 3
96,1002,1,4,86.0,5017.0,1.0,4.0,Sector 1 - Lote 4
96,1002,1,5,86.0,5017.0,1.0,5.0,Sector 1 - Lote 5
96,1002,1,6,86.0,5017.0,1.0,6.0,Sector 1 - Lote 6
96,1002,1,7,86.0,5017.0,1.0,7.0,Sector 1 - Lote 7
96,1002,1,8,86.0,5017.0,1.0,8.0,Sector 1 - Lote 8
96,1002,1,9,86.0,5017.0,1.0,9.0,Sector 1 - Lote 9
96,1002,1,10,86.0,5017.0,1.0,10.0,Sector 1 - Lote 10
96,1002,1,11,86.0,5017.0,1.0,11.0,Sector 1 - Lote 11
96,1002,61,0,86.0,5017.0,61.0,0.0,Quineles
96,1002,62,0,86.0,5017.0,62.0,0.0,Rondas
96,1002,63,0,86.0,5017.0,63.0,0.0,Areas Improductivas
96,1010,0,0,86.0,5018.0,0.0,0.0,Finca Belgica
96,1010,1,1,86.0,5018.0,1.0,1.0,Sector 1 - Lote 1
96,1010,1,2,86.0,5018.0,1.0,2.0,Sector 1 - Lote 2
96,1010,1,3,86.0,5018.0,1.0,3.0,Sector 1 - Lote 3
96,1010,1,4,86.0,5018.0,1.0,4.0,Sector 1 - Lote 4
96,1010,1,5,86.0,5018.0,1.0,5.0,Sector 1 - Lote 5
96,1010,1,6,86.0,5018.0,1.0,6.0,Sector 1 - Lote 6
96,1010,1,7,86.0,5018.0,1.0,7.0,Sector 1 - Lote 7
96,1010,1,8,86.0,5018.0,1.0,8.0,Sector 1 - Lote 8
96,1010,1,9,86.0,5018.0,1.0,9.0,Sector 1 - Lote 9
96,1010,1,10,86.0,5018.0,1.0,10.0,Sector 1 - Lote 10
96,1010,2,1,86.0,5018.0,2.0,1.0,Sector 2 - Lote 1
96,1010,2,2,86.0,5018.0,2.0,2.0,Sector 2 - Lote 2
96,1010,2,3,86.0,5018.0,2.0,3.0,Sector 2 - Lote 3
96,1010,2,4,86.0,5018.0,2.0,4.0,Sector 2 - Lote 4
96,1010,2,5,86.0,5018.0,2.0,5.0,Sector 2 - Lote 5
96,1010,2,6,86.0,5018.0,2.0,6.0,Sector 2 - Lote 6
96,1010,2,7,86.0,5018.0,2.0,7.0,Sector 2 - Lote 7
96,1010,2,8,86.0,5018.0,2.0,8.0,Sector 2 - Lote 8
96,1010,2,9,86.0,5018.0,2.0,9.0,Sector 2 - Lote 9
96,1010,2,10,86.0,5018.0,2.0,10.0,Sector 2 - Lote 10
96,1010,61,0,86.0,5018.0,61.0,0.0,Quineles
96,1010,62,0,86.0,5018.0,62.0,0.0,Rondas
96,1010,63,0,86.0,5018.0,63.0,0.0,Areas Improductivas
96,1011,0,0,86.0,5019.0,0.0,0.0,Finca El Piñon
96,1011,1,1,86.0,5019.0,1.0,1.0,Sector 1 - Lote 1
96,1011,1,2,86.0,5019.0,1.0,2.0,Sector 1 - Lote 2
96,1011,1,3,86.0,5019.0,1.0,3.0,Sector 1 - Lote 3
96,1011,1,4,86.0,5019.0,1.0,4.0,Sector 1 - Lote 4
96,1011,1,5,86.0,5019.0,1.0,5.0,Sector 1 - Lote 5
96,1011,1,6,86.0,5019.0,1.0,6.0,Sector 1 - Lote 6
96,1011,1,7,86.0,5019.0,1.0,7.0,Sector 1 - Lote 7
96,1011,1,8,86.0,5019.0,1.0,8.0,Sector 1 - Lote 8
96,1011,1,9,,,,,Desactivado
96,1011,1,10,,,,,Desactivado
96,1011,1,11,,,,,Desactivado
96,1011,2,1,86.0,5019.0,2.0,1.0,Sector 2 - Lote 1
96,1011,2,2,86.0,5019.0,2.0,2.0,Sector 2 - Lote 2
96,1011,2,3,86.0,5019.0,2.0,3.0,Sector 2 - Lote 3
96,1011,2,4,86.0,5019.0,2.0,4.0,Sector 2 - Lote 4
96,1011,2,5,86.0,5019.0,2.0,5.0,Sector 2 - Lote 5
96,1011,2,6,86.0,5019.0,2.0,6.0,Sector 2 - Lote 6
96,1011,2,7,86.0,5019.0,2.0,7.0,Sector 2 - Lote 7
96,1011,2,8,86.0,5019.0,2.0,8.0,Sector 2 - Lote 8
96,1011,2,9,86.0,5019.0,2.0,9.0,Sector 2 - Lote 9
96,1011,2,10,86.0,5019.0,2.0,10.0,Sector 2 - Lote 10
96,1011,2,11,86.0,5019.0,2.0,11.0,Sector 2 - Lote 11
96,1011,2,12,86.0,5019.0,2.0,12.0,Sector 2 - Lote 12
96,1011,2,13,86.0,5019.0,2.0,13.0,Sector 2 - Lote 13
96,1011,2,14,86.0,5019.0,2.0,14.0,Sector 2 - Lote 14
96,1011,2,15,86.0,5019.0,2.0,15.0,Sector 2 - Lote 15
96,1011,2,16,86.0,5019.0,2.0,16.0,Sector 2 - Lote 16
96,1011,2,17,86.0,5019.0,2.0,17.0,Sector 2 - Lote 17
96,1011,3,1,86.0,5019.0,3.0,1.0,Sector 3 - Lote 1
96,1011,3,2,86.0,5019.0,3.0,2.0,Sector 3 - Lote 2
96,1011,3,3,86.0,5019.0,3.0,3.0,Sector 3 - Lote 3
96,1011,3,4,86.0,5019.0,3.0,4.0,Sector 3 - Lote 4
96,1011,3,5,86.0,5019.0,3.0,5.0,Sector 3 - Lote 5
96,1011,61,0,86.0,5019.0,61.0,0.0,Quineles
96,1011,62,0,86.0,5019.0,62.0,0.0,Rondas
96,1011,63,0,86.0,5019.0,63.0,0.0,Areas Improductivas
96,1013,0,0,86.0,5020.0,0.0,0.0,Finca Hacienda Magdalena
96,1013,1,1,86.0,5020.0,1.0,1.0,Sector 1 - Lote 1
96,1013,1,2,86.0,5020.0,1.0,2.0,Sector 1 - Lote 2
96,1013,1,3,86.0,5020.0,1.0,3.0,Sector 1 - Lote 3
96,1013,1,4,86.0,5020.0,1.0,4.0,Sector 1 - Lote 4
96,1013,1,5,86.0,5020.0,1.0,5.0,Sector 1 - Lote 5
96,1013,1,6,,,,,Desactivado
96,1013,1,7,,,,,Desactivado
96,1013,61,0,86.0,5020.0,61.0,0.0,Quineles
96,1013,62,0,86.0,5020.0,62.0,0.0,Rondas
96,1013,63,0,86.0,5020.0,63.0,0.0,Areas Improductivas
